Path,GameTitle,URL
首頁,真平B10G5 L4L5測驗(20題),https://wordwall.net/tc/resource/114770844
首頁,【真平】B8G4L4.L5期末測驗(20題)401,https://wordwall.net/tc/resource/114405363
首頁,真平台語B6｜時間語詞分揀306,https://wordwall.net/tc/resource/114995392
首頁,真平台語B3｜聽聲音，揀出正確的台語詞,https://wordwall.net/tc/resource/114403819
首頁 > 五下真平複習,真平台語B5｜聽聲音，共正確的台語字揀出來,https://wordwall.net/tc/resource/114286295
首頁 > 五下真平複習,真平台語B10｜請共正確的動詞揀出來,https://wordwall.net/tc/resource/114286661
首頁 > 四下真平複習,真平台語B4｜聽日期，配合正確的節日,https://wordwall.net/tc/resource/114286118
首頁 > 四下真平複習,真平台語B4｜完成語句,https://wordwall.net/tc/resource/114285824
首頁 > 四下真平複習,真平台語B4｜看圖揀出正確的動物台語詞,https://wordwall.net/tc/resource/114285533
首頁 > 四下真平複習,B4你敢知影啥是保育類(聲音圖片),https://wordwall.net/tc/resource/111470591
首頁 > 四下真平複習,B4台灣野生動物(聲音圖片),https://wordwall.net/tc/resource/111469324
首頁 > 114公開觀課(俗語),字句重排(有圖提示),https://wordwall.net/tc/resource/108587417
首頁 > 114公開觀課(俗語),俗語我會曉。(簡單排列),https://wordwall.net/tc/resource/108277852
首頁 > 114公開觀課(俗語),俗語解釋配對,https://wordwall.net/tc/resource/108586014
首頁 > 🔊聲母,真平台語｜聽聲音，揀出正確的聲母(k、kh、g、ng),https://wordwall.net/tc/resource/110898195
首頁 > 🔊聲母,聲母k vs kh,https://wordwall.net/tc/resource/109150093
首頁 > 🔊聲母,1.寫出聲母(舌根音、齒音),https://wordwall.net/tc/resource/105332734
首頁 > 🔊聲母,1.寫出聲母(舌根音、齒音),https://wordwall.net/tc/resource/105332717
首頁 > 🔊聲母,2.選出聲母(雙脣音、舌尖音),https://wordwall.net/tc/resource/105332585
首頁 > 🔊聲母,2.寫出聲母(雙脣音、舌尖音),https://wordwall.net/tc/resource/105332507
首頁 > 🔊聲母,(綜合)聽語音找出與台羅音標對應的聲母-可切換quiz,https://wordwall.net/tc/resource/105103534
首頁 > 🔊單韻母+雙韻母,台羅拼音 雙韻母(配對),https://wordwall.net/tc/resource/105148775
首頁 > 🔊單韻母+雙韻母,三母音,https://wordwall.net/tc/resource/107803678
首頁 > 🔊單韻母+雙韻母,台羅拼音 雙韻母(鍵入答案),https://wordwall.net/tc/resource/105148679
首頁 > 🔊單韻母+雙韻母,台羅 單韻母(配對),https://wordwall.net/tc/resource/105102645
首頁 > 🔊單韻母+雙韻母,台羅 單韻母(填入韻母),https://wordwall.net/tc/resource/105102587
首頁 > 🔊單韻母+雙韻母,台羅 單韻母(聽音選字),https://wordwall.net/tc/resource/95528461
首頁 > 開學暖身,2025春台語課開學大調查,https://wordwall.net/tc/resource/95936925
首頁 > 活動闖關,複製真平台語｜親情親情戇戇踅,https://wordwall.net/tc/resource/100833038
首頁 > 活動闖關,複製L2-色水的詞,https://wordwall.net/tc/resource/95936990
首頁 > 活動闖關 > 反毒宣導,~向毒品說不(低年級)3題,https://wordwall.net/tc/resource/98248740
首頁 > 活動闖關 > 反毒宣導,向毒品說不(高年級)10題,https://wordwall.net/tc/resource/99715120
首頁 > 活動闖關 > 反毒宣導,~向毒品說不(中年級)5題,https://wordwall.net/tc/resource/98248798
首頁 > 活動闖關 > 反毒宣導,複製2-3反毒真英雄,https://wordwall.net/tc/resource/98677880
首頁 > 活動闖關 > 兒童權利,兒童權利知多少1,https://wordwall.net/tc/resource/93930719
首頁 > 活動闖關 > 兒童權利,兒童權利知多少2,https://wordwall.net/tc/resource/93930892
首頁 > 轉盤,班級(1~8班),https://wordwall.net/tc/resource/89129855
首頁 > 轉盤,班級(1~9班),https://wordwall.net/tc/resource/89130247
首頁 > 轉盤,班級號碼(一~三年級沒有30號),https://wordwall.net/tc/resource/89129967
首頁 > 轉盤,撚盤(轉盤),https://wordwall.net/tc/resource/60471454
首頁 > 主題小遊戲,正爿倒爿佗一爿(選出正確台語字),https://wordwall.net/tc/resource/92229895
首頁 > 主題小遊戲,TW002-台語文常用詞-B1高頻易學-台字台拼配華語-23題,https://wordwall.net/tc/resource/95937895
首頁 > 主題小遊戲,B1L2台語火星文,https://wordwall.net/tc/resource/95936524
首頁 > 主題小遊戲,身體部位,https://wordwall.net/tc/resource/73961179
首頁 > 主題小遊戲,顏色配對,https://wordwall.net/tc/resource/73241822
首頁 > 主題小遊戲,動物配對,https://wordwall.net/tc/resource/73240685
首頁 > 主題小遊戲,十二生相的台語鬥對,https://wordwall.net/tc/resource/64038876
首頁 > 主題小遊戲,《台灣特產佇佗位》,https://wordwall.net/tc/resource/60884233
首頁 > 主題小遊戲,聽看覓,https://wordwall.net/tc/resource/60638675
首頁 > 俗語,俗語解釋配對G5-1,https://wordwall.net/tc/resource/107747129
首頁 > 俗語,複製俗語我來排508,https://wordwall.net/tc/resource/115306510
首頁 > 俗語,俗語我來排G5-1,https://wordwall.net/tc/resource/107749180
首頁 > 俗語,俗語解釋配對G5-2,https://wordwall.net/tc/resource/107747376
首頁 > 俗語,我會曉俗語(真平下學期1.2),https://wordwall.net/tc/resource/105417886
首頁 > 俗語,台語俗諺應用判斷25題,https://wordwall.net/tc/resource/105366732
首頁 > 俗語,複製第一冊第二課諺語,https://wordwall.net/tc/resource/95937069
首頁 > 俗語,六下俗語配對,https://wordwall.net/tc/resource/68555980
首頁 > 俗語,【真平】G6 俗語我來排,https://wordwall.net/tc/resource/65562938
首頁 > 俗語 > 508,俗語解釋配對508,https://wordwall.net/tc/resource/115307551
首頁 > 俗語 > 508,俗語我來排508,https://wordwall.net/tc/resource/115307384
首頁 > 俗語 > 508,俗語我來排508(音檔),https://wordwall.net/tc/resource/115306710
首頁 > 俗語 > 508,俗語我來排508,https://wordwall.net/tc/resource/113926474
首頁 > 俗語 > 502,俗語我來排G5-502-2,https://wordwall.net/tc/resource/115112622
首頁 > 俗語 > 502,俗語我來排G5-502,https://wordwall.net/tc/resource/115112370
首頁 > 俗語 > 605,俗語我來排-1-10句(605),https://wordwall.net/tc/resource/113228214
首頁 > 俗語 > 605,俗語我來排-3 (605),https://wordwall.net/tc/resource/113229452
首頁 > 俗語 > 605,俗語解釋配對-2 (605),https://wordwall.net/tc/resource/113229072
首頁 > 過年,真平台語｜B9 L5(過年)完成課文語句,https://wordwall.net/tc/resource/105007534
首頁 > 過年,講古--民俗活動,https://wordwall.net/tc/resource/95936481
首頁 > 過年,康軒5-1台灣節慶美食、活動對看覓食,https://wordwall.net/tc/resource/95937003
首頁 > 過年,【真平】過年講好話,https://wordwall.net/tc/resource/65566987
首頁 > 自然3上植物大發現,CH3-2_空氣的性質,https://wordwall.net/tc/resource/64812618
首頁 > 自然3上植物大發現,CH4-1_能被磁鐵吸引的物品,https://wordwall.net/tc/resource/64812760
首頁 > 真平台語G1,複製真平台語｜聽聲音揀出圖片,https://wordwall.net/tc/resource/111547436
首頁 > 真平台語G1,B2果子正確的台語用字,https://wordwall.net/tc/resource/60509401
首頁 > 真平台語G1,【顏色+果子】真平G1快閃記憶挑戰賽: 請記住圖片，回答問題，看你記住多少?,https://wordwall.net/tc/resource/88752758
首頁 > 真平台語G1,複製顏色配對,https://wordwall.net/tc/resource/86658148
首頁 > 真平台語G1,【真平】B1 G1動物(音標),https://wordwall.net/tc/resource/65007988
首頁 > 真平台語G1 > 上學期,B1 上愛的活動,https://wordwall.net/tc/resource/63816361
首頁 > 真平台語G1 > 上學期,【真平】B9 L2 語詞、句子與拼音聽力測驗(自備耳機),https://wordwall.net/tc/resource/61326571
首頁 > 真平台語G1 > 上學期 > 第四課 動物,【真平】B1 G1你上佮意啥物動物？,https://wordwall.net/tc/resource/65260382
首頁 > 真平台語G1 > 上學期 > 第三課 	心肝仔囝,【真平】B1 L3 厝內的人 3,https://wordwall.net/tc/resource/64243644
首頁 > 真平台語G1 > 上學期 > 第三課 	心肝仔囝,【真平】B1 L3 厝內的人2,https://wordwall.net/tc/resource/64243494
首頁 > 真平台語G1 > 上學期 > 第三課 	心肝仔囝,【真平】B1 L3 我會曉念,https://wordwall.net/tc/resource/63139175
首頁 > 真平台語G1 > 上學期 > 第三課 	心肝仔囝,【真平】B1 L3 厝內的人,https://wordwall.net/tc/resource/63139109
首頁 > 真平台語G1 > 上學期 > 第二課 鉛筆盒仔,【真平】B1 L2文具,https://wordwall.net/tc/resource/61384481
首頁 > 真平台語G1 > 上學期 > 第一課 拍招呼,【真平】B1 L1 生活情境(禮貌),https://wordwall.net/tc/resource/60764498
首頁 > 真平台語G1 > 上學期 > 第一課 拍招呼,【真平】B1 L1我會曉念,https://wordwall.net/tc/resource/60656155
首頁 > 真平台語G1 > 上學期 > 第一課 拍招呼,【真平】B1 L1 生活用語,https://wordwall.net/tc/resource/60639524
首頁 > 真平台語G2,G2 L1 月娘變魔術,https://wordwall.net/tc/resource/109149172
首頁 > 真平台語G2,G2台語~餐具篇,https://wordwall.net/tc/resource/88756817
首頁 > 真平台語G2,B4L1蔬菜,https://wordwall.net/tc/resource/86658549
首頁 > 真平台語G2 > 上學期,【真平】B3 L3 厝內隔間：(啥物人)佇(佗位)(做啥物),https://wordwall.net/tc/resource/63970139
首頁 > 真平台語G2 > 上學期,【真平】B3 L3 厝內的間格,https://wordwall.net/tc/resource/63139867
首頁 > 真平台語G2 > 上學期 > 花,複製真平B3L4,https://wordwall.net/tc/resource/104272682
首頁 > 真平台語G2 > 上學期 > 花,真平2年級第3册 玉蘭花 (這是啥物花),https://wordwall.net/tc/resource/104272497
首頁 > 真平台語G2 > 上學期 > 花,【真平】B3 L2 植物,https://wordwall.net/tc/resource/61318651
首頁 > 真平台語G2 > 上學期 > 花,【真平】B3 L2 花的世界,https://wordwall.net/tc/resource/60775558
首頁 > 真平台語G2 > 上學期 > 昆蟲,蟲豸thâng-thuā,https://wordwall.net/tc/resource/95936977
首頁 > 真平台語G2 > 上學期 > 昆蟲,【真平】B2 L1 蟲語詞講看覓,https://wordwall.net/tc/resource/60668581
首頁 > 真平台語G2 > 上學期 > 昆蟲,【真平】B3 L1 昆蟲的漢字,https://wordwall.net/tc/resource/60639264
首頁 > 🔊台語拼音練習,聲母p/ph,https://wordwall.net/tc/resource/99129649
首頁 > 🔊台語拼音練習,複製台羅韻母分辨i、in、inn、ing,https://wordwall.net/tc/resource/84300926
首頁 > 🔊台語拼音練習,閩南語聲母韻母,https://wordwall.net/tc/resource/62699228
首頁 > 🔊台語拼音練習,台語用字vs台羅拼音,https://wordwall.net/tc/resource/60636228
首頁 > 🔊台語拼音練習 > 沒有聲音,臺羅拼音_前測1,https://wordwall.net/tc/resource/64387415
首頁 > 真平台語G3,真平台語B6｜時間語詞分看覓,https://wordwall.net/tc/resource/114773337
首頁 > 真平台語G3,真平B6G3第三課306(8題),https://wordwall.net/tc/resource/113368913
首頁 > 真平台語G3,真平台語｜意外傷害--圖片鬥看覓,https://wordwall.net/tc/resource/113231238
首頁 > 真平台語G3 > 下學期,真平G6B6L1L2測驗,https://wordwall.net/tc/resource/89983325
首頁 > 真平台語G3 > 下學期 > 三年級公開觀課,【休閒場所】挑戰版~G3快閃記憶挑戰賽: 請記住圖片，回答問題，看你記住多少?,https://wordwall.net/tc/resource/89980918
首頁 > 真平台語G3 > 下學期 > 三年級公開觀課,【休閒場所】簡單版~G3快閃記憶挑戰賽: 請記住圖片，回答問題，看你記住多少?,https://wordwall.net/tc/resource/88757214
首頁 > 真平台語G3 > 下學期 > 三年級公開觀課,真平G3B6L2露營(課文按組排序),https://wordwall.net/tc/resource/89980696
首頁 > 真平台語G3 > 下學期 > 三年級公開觀課,真平B6G3你上佮意做啥物？,https://wordwall.net/tc/resource/90056714
首頁 > 真平台語G3 > 上學期,三上真平 下哺的點心-短詞排列,https://wordwall.net/tc/resource/105647436
首頁 > 真平台語G3 > 上學期,真平三上第二課課文-下晡的點心(課文排順序),https://wordwall.net/tc/resource/95936744
首頁 > 真平台語G3 > 上學期,真平台語B5｜共聽著的物件揀出來(點心),https://wordwall.net/tc/resource/100768484
首頁 > 真平台語G3 > 上學期,【T&P】B5 L1+L2 語詞&句子10題,https://wordwall.net/tc/resource/60765069
首頁 > 真平台語G3 > 上學期,【真平】B5 L3 擔仔位語詞,https://wordwall.net/tc/resource/64038765
首頁 > 真平台語G3 > 上學期,三上L1L2句子複習0815,https://wordwall.net/tc/resource/61113352
首頁 > 真平台語G3 > 上學期 > L1上課用,三上第一課語詞講看覓(翻卡念),https://wordwall.net/tc/resource/60655318
首頁 > 真平台語G3 > 上學期 > L1上課用,三上第一課漢字vs華語配對,https://wordwall.net/tc/resource/60509922
首頁 > 真平台語G4,【真平】B8 L3測驗(15題烏白唬)401,https://wordwall.net/tc/resource/112698473
首頁 > 真平台語G4,真平台語四上｜課文字句重組,https://wordwall.net/tc/resource/104724771
首頁 > 真平台語G4,複製風景區,https://wordwall.net/tc/resource/95936949
首頁 > 真平台語G4 > 下學期,【真平】B8 L3測驗(16題烏白唬),https://wordwall.net/tc/resource/71936970
首頁 > 真平台語G4 > 下學期,【真平】B8 L2測驗(15題),https://wordwall.net/tc/resource/70486317
首頁 > 真平台語G4 > 下學期,【真平】B8 L1測驗(15題),https://wordwall.net/tc/resource/108996163
首頁 > 真平台語G4 > 下學期,【真平】B8G4L4.L5期末測驗(25題),https://wordwall.net/tc/resource/92902205
首頁 > 真平台語G4 > 下學期,【真平】B8G4L4欲按怎(15題),https://wordwall.net/tc/resource/92223919
首頁 > 真平台語G4 > 下學期,【真平】B8 L1測驗(14題),https://wordwall.net/tc/resource/69682798
首頁 > 真平台語G4 > 上學期,【真平】B7 L1~L3語詞,https://wordwall.net/tc/resource/64387885
首頁 > 真平台語G4 > 上學期 > 隨堂測驗,【真平】B7L4第四課測驗(16題),https://wordwall.net/tc/resource/84455076
首頁 > 真平台語G4 > 上學期 > 隨堂測驗,【真平】B7 L3四上第三課《青紅燈》測驗15題,https://wordwall.net/tc/resource/64661130
首頁 > 真平台語G4 > 上學期 > 隨堂測驗,【真平】B7 L1四上第一課《好日》12題測驗,https://wordwall.net/tc/resource/60648698
首頁 > 真平台語G4 > 上學期 > 隨堂測驗,【真平】B7 L2四上第二課《辦桌》測驗13題,https://wordwall.net/tc/resource/62423161
首頁 > 真平台語G4 > 上學期 > L1,【真平】B7 L1四上第一課-疊字詞,https://wordwall.net/tc/resource/60471692
首頁 > 真平台語G4 > 上學期 > L1,【真平】B7 L1四上第一課做伙來造句,https://wordwall.net/tc/resource/60764833
首頁 > 真平台語G5,【T&P】 B11L4 ABB疊詞,https://wordwall.net/tc/resource/105067427
首頁 > 真平台語G5,G5台語L4相反詞（倒反詞）,https://wordwall.net/tc/resource/104442279
首頁 > 真平台語G5 > 下學期,【真平】五下第一課(選字詞),https://wordwall.net/tc/resource/69675624
首頁 > 真平台語G5 > 下學期,手、跤的動作(挑戰),https://wordwall.net/tc/resource/69313984
首頁 > 真平台語G5 > 下學期,手、跤的動作(簡單),https://wordwall.net/tc/resource/68784512
首頁 > 真平台語G5 > 下學期 > 平時測驗,【真平】B10 L3 測驗502(18題),https://wordwall.net/tc/resource/112772228
首頁 > 真平台語G5 > 下學期 > 平時測驗,【真平】B10 L2 測驗(17題),https://wordwall.net/tc/resource/70438132
首頁 > 真平台語G5 > 下學期 > 平時測驗,【真平】B10 L1測驗(15題),https://wordwall.net/tc/resource/85306101
首頁 > 真平台語G5 > 下學期 > 平時測驗,真平B10G5 L4L5測驗(25題),https://wordwall.net/tc/resource/92902233
首頁 > 真平台語G5 > 下學期 > 平時測驗,【真平】B10 L3 測驗(20題),https://wordwall.net/tc/resource/71798515
首頁 > 真平台語G5 > 下學期 > 平時測驗,真平B10G5 L4測驗(15題),https://wordwall.net/tc/resource/90480494
首頁 > 真平台語G5 > 上學期 > L4,【真平G5L4】2.揣出正確的倒反詞,https://wordwall.net/tc/resource/65566540
首頁 > 真平台語G5 > 上學期 > L3,【真平G5L3】1.這家伙仔出去食礤冰，共正確的礤冰選起來。(點選喇叭聽音檔),https://wordwall.net/tc/resource/65566020
首頁 > 真平台語G5 > 上學期 > L3,【真平】B9 L3 礤冰配料2,https://wordwall.net/tc/resource/64242374
首頁 > 真平台語G5 > 上學期 > L3,【真平】9-3 礤冰配料,https://wordwall.net/tc/resource/64241016
首頁 > 真平台語G5 > 上學期 > TEST,【真平B9L4 】20題,https://wordwall.net/tc/resource/65563870
首頁 > 真平台語G5 > 上學期 > TEST,【真平B9L3】測驗15題,https://wordwall.net/tc/resource/84300973
首頁 > 真平台語G5 > 上學期 > TEST,【真平B9G5】 L1L2複習15題,https://wordwall.net/tc/resource/84300968
首頁 > 真平台語G5 > 上學期 > TEST,【真平B9 L1】<線頂買賣>12題,https://wordwall.net/tc/resource/60774285
首頁 > 真平台語G5 > 上學期 > L2,五上第二課課文學習策略,https://wordwall.net/tc/resource/61326030
首頁 > 真平台語G5 > 上學期 > L1,五上第一課課文學習策略,https://wordwall.net/tc/resource/60700107
首頁 > 真平台語G5 > 上學期 > L1,五上第一課-共聽著的語詞添入去格仔內,https://wordwall.net/tc/resource/60472310
首頁 > 真平台語G5 > 上學期 > L1,五上第一課疊詞配對,https://wordwall.net/tc/resource/38357600
首頁 > 真平台語G6,真平B12G6 L3L4期末測驗(25題),https://wordwall.net/tc/resource/90208456
首頁 > 真平台語G6,真平B12G6 L3測驗(20題)605,https://wordwall.net/tc/resource/112699541
首頁 > 真平台語G6,【真平】B12六下 第二課 世界杯(18題),https://wordwall.net/tc/resource/86667659
首頁 > 真平台語G6 > 新版下學期,【真平】B12 六下第一課 生理囝(20題),https://wordwall.net/tc/resource/86216688
首頁 > 真平台語G6 > 舊版真平,【真平】G6世界特產,https://wordwall.net/tc/resource/62421497
首頁 > 真平台語G6 > 舊版真平,【真平】B12 L2 六下真平第二課測驗,https://wordwall.net/tc/resource/70289817
首頁 > 真平台語G6 > 舊版真平,【真平】B12 L4 六下真平期末測驗,https://wordwall.net/tc/resource/71788933
首頁 > 真平台語G6 > 舊版真平,【真平】B12 L1六下第一課測驗,https://wordwall.net/tc/resource/69623354
首頁 > 真平台語G6 > 舊版真平,【真平】B11 L4 猜字(呵咾),https://wordwall.net/tc/resource/64038809
首頁 > 真平台語G6 > 舊版真平,B11 G6 科技產品,https://wordwall.net/tc/resource/63829272
首頁 > 真平台語G6 > 舊版真平,【真平】G6世界各國特產—台語用字vs台羅拼音,https://wordwall.net/tc/resource/62421580
首頁 > 真平台語G6 > 舊版真平,六上第一課,https://wordwall.net/tc/resource/60601747
首頁 > 真平台語G6 > 舊版真平 > TEST,【真平】B11 L3 科技產品,https://wordwall.net/tc/resource/63828987
首頁 > 真平台語G6 > 新版上學期,B11L4烏鴉食水-字句重排(8句),https://wordwall.net/tc/resource/104649523
首頁 > 真平台語G6 > 新版上學期,真平B11L2~L4隨堂測驗：聽聲音，揀出正確的字抑是語詞(20題),https://wordwall.net/tc/resource/100777696
首頁 > 真平台語G6 > 新版上學期,真平(新)B11第三課測驗20題,https://wordwall.net/tc/resource/103360649
首頁 > 真平台語G6 > 新版上學期,真平B11第三課測驗20題,https://wordwall.net/tc/resource/102511045
首頁 > 真平台語G6 > 新版上學期,B11 G6 第二課隨堂測驗<掛號>15題,https://wordwall.net/tc/resource/95525527
首頁 > 真平台語G6 > 新版上學期,B11 G6 第一課隨堂測驗<驚著無代誌>15題,https://wordwall.net/tc/resource/62819664
首頁 > 真平台語G6 > 新版上學期,真平(新)B11第三課測驗,https://wordwall.net/tc/resource/84300957
